text,image
upheaval high note for bush opera sydney news aus,1005.jpg
the secrets of the storm vortex the lightning catcher book û_ : .,1025.jpg
of newport a big thanks for the emergency run to pick jackie up from bristol temple messages much appreciated,1028.jpg
looks like a mudslide and tastes like rubber oh how i love the bake off! britishbakeoff paulhollywood,1031.jpg
û÷hijacker copsûª back in the dock -,1033.jpg
we know this is bad for the bees - don't give in to pressure from short term profit obsessed chemical companies...,1051.jpg
russian 'food crematoria' provoke outrage amid crisis famine memories - yahoo news,1053.jpg
turn on espn2 and get blown up,1062.jpg
remember that time goku gave life to a dead birb what the hell goku,1069.jpg
downtown emergency service center is hiring a chemical dependency counselor or intern apply now! seattle jobs,1086.jpg
